{"cameraMode":{"drawMode":0,"name":"Shaded","section":"Shading Mode"},"sceneLighting":false,"audioPlay":false,"sceneViewState":{"m_AlwaysRefresh":false,"showFog":true,"showSkybox":false,"showFlares":true,"showImageEffects":true,"showParticleSystems":true,"showVisualEffectGraphs":true,"m_FxEnabled":true},"in2DMode":false,"pivot":{"x":9.211053848266602,"y":-0.04148917272686958,"z":0.3041194975376129},"rotation":{"x":0.08927004784345627,"y":0.6299371123313904,"z":-0.07338201999664307,"w":0.7681098580360413},"size":6.868472099304199,"orthographic":false}