{"cameraMode":{"drawMode":0,"name":"Shaded","section":"Shading Mode"},"sceneLighting":false,"audioPlay":false,"sceneViewState":{"m_AlwaysRefresh":false,"showFog":true,"showSkybox":false,"showFlares":true,"showImageEffects":true,"showParticleSystems":true,"showVisualEffectGraphs":true,"m_FxEnabled":true},"in2DMode":false,"pivot":{"x":-10.710820198059082,"y":12.706751823425293,"z":161.6137237548828},"rotation":{"x":-0.021243633702397348,"y":0.9788801670074463,"z":-0.14524103701114655,"w":-0.14271804690361024},"size":1.5101196765899659,"orthographic":false}