{"cameraMode":{"drawMode":0,"name":"Shaded","section":"Shading Mode"},"sceneLighting":false,"audioPlay":false,"sceneViewState":{"m_AlwaysRefresh":false,"showFog":true,"showSkybox":false,"showFlares":true,"showImageEffects":true,"showParticleSystems":true,"showVisualEffectGraphs":true,"m_FxEnabled":true},"in2DMode":false,"pivot":{"x":0.03500001132488251,"y":0.07200001180171967,"z":-0.0299999862909317},"rotation":{"x":-0.030026501044631006,"y":-0.9372277855873108,"z":0.08345668762922287,"w":-0.3372768759727478},"size":0.8660253882408142,"orthographic":false}