{"cameraMode":{"drawMode":0,"name":"Shaded","section":"Shading Mode"},"sceneLighting":false,"audioPlay":false,"sceneViewState":{"m_AlwaysRefresh":false,"showFog":true,"showSkybox":false,"showFlares":true,"showImageEffects":true,"showParticleSystems":true,"showVisualEffectGraphs":true,"m_FxEnabled":true},"in2DMode":false,"pivot":{"x":-11.224702835083008,"y":12.661389350891114,"z":314.5168762207031},"rotation":{"x":0.004186263773590326,"y":0.031007161363959314,"z":0.00023079977836459875,"w":-0.9995771050453186},"size":1.413336157798767,"orthographic":false}