{"cameraMode":{"drawMode":0,"name":"Shaded","section":"Shading Mode"},"sceneLighting":false,"audioPlay":false,"sceneViewState":{"m_AlwaysRefresh":false,"showFog":true,"showSkybox":false,"showFlares":true,"showImageEffects":true,"showParticleSystems":true,"showVisualEffectGraphs":true,"m_FxEnabled":true},"in2DMode":false,"pivot":{"x":-12.298768043518067,"y":12.822051048278809,"z":166.37255859375},"rotation":{"x":0.13914476335048676,"y":-0.055347099900245669,"z":0.007772153243422508,"w":0.9887487888336182},"size":1.4110394716262818,"orthographic":false}