{"cameraMode":{"drawMode":0,"name":"Shaded","section":"Shading Mode"},"sceneLighting":false,"audioPlay":false,"sceneViewState":{"m_AlwaysRefresh":false,"showFog":true,"showSkybox":false,"showFlares":true,"showImageEffects":true,"showParticleSystems":true,"showVisualEffectGraphs":true,"m_FxEnabled":true},"in2DMode":false,"pivot":{"x":-6.900976181030273,"y":18.428037643432618,"z":14.667777061462403},"rotation":{"x":0.01564655266702175,"y":0.36466076970100405,"z":-0.006143552251160145,"w":0.930992841720581},"size":10.166698455810547,"orthographic":false}